"","X.m..d..y","FORD"
"1","2/2/1984",0.02523659
"2","2/3/1984",-0.03692308
"3","2/6/1984",-0.01597444
"4","2/7/1984",-0.006493506
"5","2/8/1984",-0.0130719
"6","2/9/1984",-0.01655629
"7","2/10/1984",0.006734007
"8","2/13/1984",-0.003344482
"9","2/14/1984",0.05033557
"10","2/15/1984",-0.003194888
"11","2/16/1984",0.009615385
"12","2/17/1984",-0.04126984
"13","2/21/1984",-0.0397351
"14","2/22/1984",-0.003448276
"15","2/23/1984",0.003460208
"16","2/24/1984",0.04482759
"17","2/27/1984",0.04290429
"18","2/28/1984",-0.05696202
"19","2/29/1984",0
"20","3/1/1984",0.01006711
"21","3/2/1984",0.03654485
"22","3/5/1984",0
"23","3/6/1984",-0.01602564
"24","3/7/1984",-0.01628665
"25","3/8/1984",0.003311258
"26","3/9/1984",-0.01320132
"27","3/12/1984",0.02006689
"28","3/13/1984",0.006557377
"29","3/14/1984",0.01302932
"30","3/15/1984",0.0192926
"31","3/16/1984",0
"32","3/19/1984",-0.02523659
"33","3/20/1984",-0.02588997
"34","3/21/1984",0.003322259
"35","3/22/1984",-0.0397351
"36","3/23/1984",0.02413793
"37","3/26/1984",-0.02356902
"38","3/27/1984",-0.003448276
"39","3/28/1984",0.02768166
"40","3/29/1984",-0.01010101
"41","3/30/1984",-0.00340136
"42","4/2/1984",-0.003412969
"43","4/3/1984",-0.01712329
"44","4/4/1984",-0.01045296
"45","4/5/1984",-0.06338028
"46","4/6/1984",0.01879699
"47","4/9/1984",0
"48","4/10/1984",0.003690037
"49","4/11/1984",0
"50","4/12/1984",0.05147059
"51","4/13/1984",-0.02447552
"52","4/16/1984",0.01792115
"53","4/17/1984",0.01408451
"54","4/18/1984",-0.01388889
"55","4/19/1984",-0.01056338
"56","4/23/1984",-0.01423488
"57","4/24/1984",0.003610108
"58","4/25/1984",0.007194245
"59","4/26/1984",0.02571429
"60","4/27/1984",0.003521127
"61","4/30/1984",0.02807018
"62","5/1/1984",0.03412969
"63","5/2/1984",-0.00660066
"64","5/3/1984",-0.02990033
"65","5/4/1984",-0.02739726
"66","5/7/1984",-0.01760563
"67","5/8/1984",0.01433692
"68","5/9/1984",-0.02120141
"69","5/10/1984",0
"70","5/11/1984",0.01444043
"71","5/14/1984",-0.003558719
"72","5/15/1984",-0.003571429
"73","5/16/1984",-0.003584229
"74","5/17/1984",-0.003597122
"75","5/18/1984",-0.003610108
"76","5/21/1984",0
"77","5/22/1984",0.01086957
"78","5/23/1984",0.01792115
"79","5/24/1984",0.02112676
"80","5/25/1984",0.01724138
"81","5/29/1984",-0.02711864
"82","5/30/1984",0.0174216
"83","5/31/1984",0.01369863
"84","6/1/1984",0.04054054
"85","6/4/1984",-0.003246753
"86","6/5/1984",0.006514658
"87","6/6/1984",-0.01618123
"88","6/7/1984",-0.003289474
"89","6/8/1984",-0.00330033
"90","6/11/1984",-0.04635762
"91","6/12/1984",-0.003472222
"92","6/13/1984",0.02439024
"93","6/14/1984",-0.03401361
"94","6/15/1984",-0.01760563
"95","6/18/1984",0.0609319
"96","6/19/1984",-0.02027027
"97","6/20/1984",0.03103448
"98","6/21/1984",-0.02675585
"99","6/22/1984",-0.003436426
"100","6/25/1984",-0.02068966
"101","6/26/1984",0
"102","6/27/1984",-0.01408451
"103","6/28/1984",0.02142857
"104","6/29/1984",0.01048951
"105","7/2/1984",0.02076125
"106","7/3/1984",0.01355932
"107","7/5/1984",-0.02006689
"108","7/6/1984",-0.006825938
"109","7/9/1984",0.03780069
"110","7/10/1984",0.01986755
"111","7/11/1984",-0.05519481
"112","7/12/1984",0.01030928
"113","7/13/1984",0.01360544
"114","7/16/1984",0.02348993
"115","7/17/1984",0.01639344
"116","7/18/1984",-0.003225806
"117","7/19/1984",0
"118","7/20/1984",-0.009708738
"119","7/23/1984",-0.02941176
"120","7/24/1984",-0.02356902
"121","7/25/1984",0.02413793
"122","7/26/1984",0.02020202
"123","7/27/1984",0.03366337
"124","7/30/1984",-0.003225806
"125","7/31/1984",0.02265372
"126","8/1/1984",0.02531646
"127","8/2/1984",0.02777778
"128","8/3/1984",0.03303303
"129","8/6/1984",0.03488372
"130","8/7/1984",0.0252809
"131","8/8/1984",-0.01643836
"132","8/9/1984",0.02506964
"133","8/10/1984",-0.01902174
"134","8/13/1984",0.002770083
"135","8/14/1984",-0.005524862
"136","8/15/1984",-0.03333334
"137","8/16/1984",0.01149425
"138","8/17/1984",0.005681818
"139","8/20/1984",0.01412429
"140","8/21/1984",0.01949861
"141","8/22/1984",-0.01912568
"142","8/23/1984",0.005571031
"143","8/24/1984",0.008310249
"144","8/27/1984",-0.01923077
"145","8/28/1984",-0.008403362
"146","8/29/1984",-0.04237288
"147","8/30/1984",0.002949852
"148","8/31/1984",0.00882353
"149","9/4/1984",0.005830904
"150","9/5/1984",-0.0115942
"151","9/6/1984",0.02932551
"152","9/7/1984",-0.01709402
"153","9/10/1984",-0.005797102
"154","9/11/1984",-0.002915452
"155","9/12/1984",0.01754386
"156","9/13/1984",0.03448276
"157","9/14/1984",0.008333334
"158","9/17/1984",0.02203857
"159","9/18/1984",-0.01347709
"160","9/19/1984",-0.008196721
"161","9/20/1984",0.01101928
"162","9/21/1984",-0.01634877
"163","9/24/1984",0.0166205
"164","9/25/1984",0.005449591
"165","9/26/1984",0.02439024
"166","9/27/1984",0.01058201
"167","9/28/1984",-0.04188482
"168","10/1/1984",-0.008196721
"169","10/2/1984",-0.008264462
"170","10/3/1984",-0.02222222
"171","10/4/1984",0.01136364
"172","10/5/1984",-0.002808989
"173","10/8/1984",-0.002816901
"174","10/9/1984",-0.005649718
"175","10/10/1984",0.02272727
"176","10/11/1984",0.03055556
"177","10/12/1984",0.002695418
"178","10/15/1984",0.02419355
"179","10/16/1984",-0.0183727
"180","10/17/1984",0.02139037
"181","10/18/1984",0.05759162
"182","10/19/1984",-0.00990099
"183","10/22/1984",0
"184","10/23/1984",-0.005
"185","10/24/1984",0
"186","10/25/1984",0
"187","10/26/1984",-0.03718593
"188","10/29/1984",-0.02631579
"189","10/30/1984",0.02162162
"190","10/31/1984",-0.007936508
"191","11/1/1984",0.024
"192","11/2/1984",-0.005208333
"193","11/5/1984",0
"194","11/6/1984",0.0104712
"195","11/7/1984",-0.01813472
"196","11/8/1984",0.007915568
"197","11/9/1984",-0.002617801
"198","11/12/1984",-0.002624672
"199","11/13/1984",0
"200","11/14/1984",-0.002631579
"201","11/15/1984",-0.01846966
"202","11/16/1984",-0.02150538
"203","11/19/1984",-0.02197802
"204","11/20/1984",0.005617978
"205","11/21/1984",-0.002793296
"206","11/23/1984",0.04481793
"207","11/26/1984",-3.45e-10
"208","11/27/1984",0.01897019
"209","11/28/1984",-0.02393617
"210","11/29/1984",-0.002724796
"211","11/30/1984",-0.0136612
"212","12/3/1984",-0.01385042
"213","12/4/1984",0.005617978
"214","12/5/1984",-0.03072626
"215","12/6/1984",-0.01440922
"216","12/7/1984",-0.00877193
"217","12/10/1984",0.008849557
"218","12/11/1984",0.002923977
"219","12/12/1984",-0.005830904
"220","12/13/1984",0.002932551
"221","12/14/1984",0.01754386
"222","12/17/1984",0.0316092
"223","12/18/1984",0.03064067
"224","12/19/1984",-0.01081081
"225","12/20/1984",-0.01912568
"226","12/21/1984",0
"227","12/24/1984",0.008356546
"228","12/26/1984",0
"229","12/27/1984",-0.008287293
"230","12/28/1984",0.01671309
"231","12/31/1984",0
"232","1/2/1985",-0.02191781
"233","1/3/1985",-0.02521008
"234","1/4/1985",-0.00862069
"235","1/7/1985",0.002898551
"236","1/8/1985",0.01156069
"237","1/9/1985",0.01142857
"238","1/10/1985",0.03954802
"239","1/11/1985",0.002717391
"240","1/14/1985",0.0406504
"241","1/15/1985",-0.01041667
"242","1/16/1985",0.01052632
"243","1/17/1985",-0.01041667
"244","1/18/1985",0.005263158
"245","1/21/1985",0.03664922
"246","1/22/1985",0
"247","1/23/1985",0.03030303
"248","1/24/1985",-0.01470588
"249","1/25/1985",-0.005025126
"250","1/28/1985",-0.01515152
"251","1/29/1985",-0.005128205
"252","1/30/1985",0.007731959
"253","1/31/1985",-0.002557545
"254","2/1/1985",-0.02564103
"255","2/4/1985",0.01052632
"256","2/5/1985",-0.02604167
"257","2/6/1985",-0.02406417
"258","2/7/1985",0.002739726
"259","2/8/1985",-0.00273224
"260","2/11/1985",-0.008219178
"261","2/12/1985",0.01381215
"262","2/13/1985",0.01089918
"263","2/14/1985",-0.01078167
"264","2/15/1985",-0.005449591
"265","2/19/1985",-0.005479452
"266","2/20/1985",-0.01101928
"267","2/21/1985",-0.02506964
"268","2/22/1985",0.01142857
"269","2/25/1985",-0.01129944
"270","2/26/1985",0.01142857
"271","2/27/1985",0.002824859
"272","2/28/1985",0.005633803
"273","3/1/1985",0.01960784
"274","3/4/1985",-0.008241759
"275","3/5/1985",0.002770083
"276","3/6/1985",-0.01381215
"277","3/7/1985",-0.01120448
"278","3/8/1985",0.002832861
"279","3/11/1985",-0.005649718
"280","3/12/1985",0.008522728
"281","3/13/1985",-0.01690141
"282","3/14/1985",-0.00286533
"283","3/15/1985",-0.00862069
"284","3/18/1985",-0.008695652
"285","3/19/1985",0.02046784
"286","3/20/1985",-0.02292264
"287","3/21/1985",0.005865103
"288","3/22/1985",-0.005830904
"289","3/25/1985",0.005865103
"290","3/26/1985",-0.008746356
"291","3/27/1985",0.005882353
"292","3/28/1985",0.01461988
"293","3/29/1985",-0.02305475
"294","4/1/1985",0.01179941
"295","4/2/1985",-0.002915452
"296","4/3/1985",-0.005847953
"297","4/4/1985",0
"298","4/8/1985",-0.01176471
"299","4/9/1985",0.01488095
"300","4/10/1985",0.01466276
"301","4/11/1985",0.01156069
"302","4/12/1985",0.005714286
"303","4/15/1985",0.01136364
"304","4/16/1985",-0.01123596
"305","4/17/1985",0.01136364
"306","4/18/1985",-0.0252809
"307","4/19/1985",0
"308","4/22/1985",-0.005763689
"309","4/23/1985",0.005797102
"310","4/24/1985",-0.002881844
"311","4/25/1985",0.01156069
"312","4/26/1985",-0.02057143
"313","4/29/1985",-0.02071006
"314","4/30/1985",-0.01208459
"315","5/1/1985",-0.01834862
"316","5/2/1985",0.01557632
"317","5/3/1985",0.006134969
"318","5/6/1985",0.009146341
"319","5/7/1985",0.006042296
"320","5/8/1985",-0.01501502
"321","5/9/1985",0.02743902
"322","5/10/1985",0.02077151
"323","5/13/1985",-0.02325581
"324","5/14/1985",-0.02380952
"325","5/15/1985",0
"326","5/16/1985",0.006097561
"327","5/17/1985",0.009090909
"328","5/20/1985",0.03303303
"329","5/21/1985",0.01453488
"330","5/22/1985",-0.01432665
"331","5/23/1985",-0.008720931
"332","5/24/1985",0.002932551
"333","5/28/1985",0.02631579
"334","5/29/1985",0.01139601
"335","5/30/1985",-0.01971831
"336","5/31/1985",0
"337","6/3/1985",-0.002873563
"338","6/4/1985",0.0259366
"339","6/5/1985",0.008426966
"340","6/6/1985",0.01671309
"341","6/7/1985",-0.002739726
"342","6/10/1985",-0.002747253
"343","6/11/1985",-0.002754821
"344","6/12/1985",0.002762431
"345","6/13/1985",-0.02479339
"346","6/14/1985",0.03107345
"347","6/17/1985",0
"348","6/18/1985",-0.008219178
"349","6/19/1985",-0.01657459
"350","6/20/1985",0.005617978
"351","6/21/1985",0.008379889
"352","6/24/1985",-0.005540166
"353","6/25/1985",-0.005571031
"354","6/26/1985",-0.008403362
"355","6/27/1985",0.01129944
"356","6/28/1985",0.008379889
"357","7/1/1985",0.01939058
"358","7/2/1985",-0.01086957
"359","7/3/1985",-0.01098901
"360","7/5/1985",0
"361","7/8/1985",-0.02777778
"362","7/9/1985",-0.005714286
"363","7/10/1985",0.02011494
"364","7/11/1985",-0.01690141
"365","7/12/1985",-0.01146132
"366","7/15/1985",-0.008695652
"367","7/16/1985",0.01169591
"368","7/17/1985",0.00867052
"369","7/18/1985",-0.00286533
"370","7/19/1985",-0.00862069
"371","7/22/1985",0.002898551
"372","7/23/1985",0.002890173
"373","7/24/1985",0.005763689
"374","7/25/1985",0.01432665
"375","7/26/1985",0.008474576
"376","7/29/1985",-0.01960784
"377","7/30/1985",0.01371429
"378","7/31/1985",0.02
"379","8/1/1985",0
"380","8/2/1985",-0.005602241
"381","8/5/1985",-0.005633803
"382","8/6/1985",-0.01133144
"383","8/7/1985",0.01432665
"384","8/8/1985",0.01129944
"385","8/9/1985",-0.01396648
"386","8/12/1985",0
"387","8/13/1985",-0.005665722
"388","8/14/1985",-0.008547009
"389","8/15/1985",0.002873563
"390","8/16/1985",-0.01146132
"391","8/19/1985",0.008695652
"392","8/20/1985",0.00862069
"393","8/21/1985",0.008547009
"394","8/22/1985",-0.01129944
"395","8/23/1985",0
"396","8/26/1985",0.008571428
"397","8/27/1985",0
"398","8/28/1985",-0.005665722
"399","8/29/1985",-0.002849003
"400","8/30/1985",0.005714286
"401","9/3/1985",0
"402","9/4/1985",0
"403","9/5/1985",0.002840909
"404","9/6/1985",0.01416431
"405","9/9/1985",0
"406","9/10/1985",-0.002793296
"407","9/11/1985",-0.002801121
"408","9/12/1985",-0.005617978
"409","9/13/1985",0
"410","9/16/1985",0.01129944
"411","9/17/1985",-0.01675978
"412","9/18/1985",-0.01704546
"413","9/19/1985",0.005780347
"414","9/20/1985",-0.01149425
"415","9/23/1985",0.02325581
"416","9/24/1985",0
"417","9/25/1985",-0.002840909
"418","9/26/1985",0.008547009
"419","9/30/1985",0
"420","10/1/1985",0.02259887
"421","10/2/1985",0.01104972
"422","10/3/1985",-0.00273224
"423","10/4/1985",-0.01917808
"424","10/7/1985",-0.002793296
"425","10/8/1985",0.005602241
"426","10/9/1985",-0.002785515
"427","10/10/1985",0.01675978
"428","10/11/1985",0.02747253
"429","10/14/1985",0.005347594
"430","10/15/1985",-0.007978723
"431","10/16/1985",0.00536193
"432","10/17/1985",0.005333333
"433","10/18/1985",0
"434","10/21/1985",0.00530504
"435","10/22/1985",0.002638523
"436","10/23/1985",-0.01315789
"437","10/24/1985",-0.016
"438","10/25/1985",-0.01626016
"439","10/28/1985",0.01818182
"440","10/29/1985",0.01098901
"441","10/30/1985",0.02173913
"442","10/31/1985",-0.0106383
"443","11/1/1985",0.01612903
"444","11/4/1985",0
"445","11/5/1985",0.01851852
"446","11/6/1985",-0.002597403
"447","11/7/1985",-0.02083333
"448","11/8/1985",0.007978723
"449","11/11/1985",0.01319261
"450","11/12/1985",0.002604167
"451","11/13/1985",0.01818182
"452","11/14/1985",0.04336735
"453","11/15/1985",0.04889975
"454","11/18/1985",0.00932401
"455","11/19/1985",0.02078522
"456","11/20/1985",-0.02488688
"457","11/21/1985",0.01392111
"458","11/22/1985",0.009153318
"459","11/25/1985",-0.01133787
"460","11/26/1985",-0.006880734
"461","11/27/1985",0.002309469
"462","11/29/1985",-0.004608295
"463","12/2/1985",-0.01157407
"464","12/3/1985",0.004683841
"465","12/4/1985",0.02797203
"466","12/5/1985",0.006802721
"467","12/6/1985",-0.02027027
"468","12/9/1985",0.0183908
"469","12/10/1985",0.01128668
"470","12/11/1985",0.008928572
"471","12/12/1985",-0.004424779
"472","12/13/1985",0.02222222
"473","12/16/1985",0.01521739
"474","12/17/1985",0.004282655
"475","12/18/1985",0.002132196
"476","12/19/1985",0
"477","12/20/1985",-0.02340426
"478","12/23/1985",-0.03921569
"479","12/24/1985",-0.006802721
"480","12/26/1985",0.02283105
"481","12/27/1985",0.02232143
"482","12/30/1985",0.008733625
"483","12/31/1985",0.004329004
"484","1/2/1986",-0.00862069
"485","1/3/1986",-0.006521739
"486","1/6/1986",-0.004376368
"487","1/7/1986",0.01538462
"488","1/8/1986",-0.03246753
"489","1/9/1986",-0.01565995
"490","1/10/1986",0.01136364
"491","1/13/1986",0.02921348
"492","1/14/1986",-0.008733625
"493","1/15/1986",0.01321586
"494","1/16/1986",0.0326087
"495","1/17/1986",0.01473684
"496","1/20/1986",-0.002074689
"497","1/21/1986",-0.004158004
"498","1/22/1986",0.006263048
"499","1/23/1986",-0.01037344
"500","1/24/1986",0.01174004
"501","1/27/1986",0.01467505
"502","1/28/1986",0.03512397
"503","1/29/1986",0.0239521
"504","1/30/1986",-0.01754386
"505","1/31/1986",-0.005952381
"506","2/3/1986",0.01397206
"507","2/4/1986",0.01181102
"508","2/5/1986",-0.01361868
"509","2/6/1986",-0.003944773
"510","2/7/1986",0.01782178
"511","2/10/1986",0.02723735
"512","2/11/1986",0.03787879
"513","2/12/1986",0
"514","2/13/1986",0.02919708
"515","2/14/1986",-0.005319149
"516","2/18/1986",0.001782531
"517","2/19/1986",-0.01245552
"518","2/20/1986",0.03603604
"519","2/21/1986",-0.003478261
"520","2/24/1986",-0.005235602
"521","2/25/1986",-0.02631579
"522","2/26/1986",0.01801802
"523","2/27/1986",0.02123894
"524","2/28/1986",-0.005199307
"525","3/3/1986",-0.005226481
"526","3/4/1986",0.008756568
"527","3/5/1986",-0.01041667
"528","3/6/1986",0.01754386
"529","3/7/1986",-0.003448276
"530","3/10/1986",0.001730104
"531","3/11/1986",0.001727116
"532","3/12/1986",-0.006896552
"533","3/13/1986",0.01041667
"534","3/14/1986",0.006872852
"535","3/17/1986",-0.008532424
"536","3/18/1986",0.01032702
"537","3/19/1986",0.03577513
"538","3/20/1986",0.05263158
"539","3/21/1986",-0.009375
"540","3/24/1986",0.01577287
"541","3/25/1986",0.0310559
"542","3/26/1986",-0.001506024
"543","3/27/1986",0.001508296
"544","3/31/1986",-0.01355422
"545","4/1/1986",-0.01984733
"546","4/2/1986",0.03115265
"547","4/3/1986",-0.01963746
"548","4/4/1986",-0.01078582
"549","4/7/1986",-0.01557632
"550","4/8/1986",0.02056962
"551","4/9/1986",0
"552","4/10/1986",0.03410853
"553","4/11/1986",-0.0149925
"554","4/14/1986",-0.00608828
"555","4/15/1986",0.004594181
"556","4/16/1986",0.01981707
"557","4/17/1986",-0.002989537
"558","4/18/1986",0
"559","4/21/1986",0.0149925
"560","4/22/1986",-0.001477105
"561","4/23/1986",-0.00887574
"562","4/24/1986",-0.02089552
"563","4/25/1986",-0.0152439
"564","4/28/1986",-0.008359132
"565","4/29/1986",-0.01577287
"566","4/30/1986",-0.03044872
"567","5/1/1986",0.02479339
"568","5/2/1986",-0.003225806
"569","5/5/1986",0.0210356
"570","5/6/1986",0.00792393
"571","5/7/1986",0.02515723
"572","5/8/1986",-0.01380368
"573","5/9/1986",-0.01088647
"574","5/12/1986",0.001572327
"575","5/13/1986",-0.02040816
"576","5/14/1986",0.009615385
"577","5/15/1986",-0.02222222
"578","5/16/1986",-0.01461039
"579","5/19/1986",0.001647446
"580","5/20/1986",0.006578947
"581","5/21/1986",0.0130719
"582","5/22/1986",0.02258065
"583","5/23/1986",-0.01577287
"584","5/27/1986",0.01442308
"585","5/28/1986",0.01263823
"586","5/29/1986",0.01404056
"587","5/30/1986",-0.009230769
"588","6/2/1986",0.00310559
"589","6/3/1986",0.007739938
"590","6/4/1986",-0.01152074
"591","6/5/1986",-0.00932401
"592","6/6/1986",0.004705882
"593","6/9/1986",-0.03044496
"594","6/10/1986",0.01449275
"595","6/11/1986",0
"596","6/12/1986",0.00952381
"597","6/13/1986",0.0259434
"598","6/16/1986",-0.002298851
"599","6/17/1986",-0.01612903
"600","6/18/1986",-0.00234192
"601","6/19/1986",-0.002347418
"602","6/20/1986",0.01176471
"603","6/23/1986",-0.009302326
"604","6/24/1986",0.01643192
"605","6/25/1986",0.01616628
"606","6/26/1986",0.002272727
"607","6/27/1986",0
"608","6/30/1986",0
"609","7/1/1986",0.006802721
"610","7/2/1986",-0.004504505
"611","7/3/1986",-0.009049774
"612","7/7/1986",-0.04109589
"613","7/8/1986",-0.01428571
"614","7/9/1986",0.004830918
"615","7/10/1986",0.007211538
"616","7/11/1986",-0.002386635
"617","7/14/1986",0.01435407
"618","7/15/1986",0
"619","7/16/1986",0.01179245
"620","7/17/1986",0.03030303
"621","7/18/1986",0.004524887
"622","7/21/1986",0.02252252
"623","7/22/1986",0.002202643
"624","7/23/1986",-0.01098901
"625","7/24/1986",-0.004444445
"626","7/25/1986",0.01785714
"627","7/28/1986",-0.02412281
"628","7/29/1986",0.000898877
"629","7/30/1986",-0.006802721
"630","7/31/1986",-0.02283105
"631","8/1/1986",-0.004672897
"632","8/4/1986",0.03286385
"633","8/5/1986",0
"634","8/6/1986",-0.01590909
"635","8/7/1986",0.004618938
"636","8/8/1986",0.002298851
"637","8/11/1986",0.03899083
"638","8/12/1986",0.03752759
"639","8/13/1986",0.0212766
"640","8/14/1986",-0.004166667
"641","8/15/1986",-0.0125523
"642","8/18/1986",0.008474576
"643","8/19/1986",0.0210084
"644","8/20/1986",0.02674897
"645","8/21/1986",-0.006012024
"646","8/22/1986",0
"647","8/25/1986",-0.008064516
"648","8/26/1986",0.01829268
"649","8/27/1986",0.007984032
"650","8/28/1986",-0.02376238
"651","8/29/1986",-0.03042596
"652","9/2/1986",-0.0209205
"653","9/3/1986",-0.01068376
"654","9/4/1986",-0.002159827
"655","9/5/1986",0.01298701
"656","9/8/1986",-0.01068376
"657","9/9/1986",0
"658","9/10/1986",0
"659","9/11/1986",-0.04967603
"660","9/12/1986",-0.04090909
"661","9/15/1986",0.02369668
"662","9/16/1986",-0.01388889
"663","9/17/1986",0.002347418
"664","9/18/1986",-0.004683841
"665","9/19/1986",-0.02117647
"666","9/22/1986",0.03846154
"667","9/23/1986",0.009259259
"668","9/24/1986",-0.01834862
"669","9/25/1986",-0.02803738
"670","9/26/1986",-0.02163462
"671","9/29/1986",0.02702703
"672","9/30/1986",0.01435407
"673","10/1/1986",0.01886792
"674","10/2/1986",0.01388889
"675","10/3/1986",-0.01598174
"676","10/6/1986",0.01160093
"677","10/7/1986",0.01376147
"678","10/8/1986",0.01357466
"679","10/9/1986",-0.03348214
"680","10/10/1986",-0.004618938
"681","10/13/1986",0.01856148
"682","10/14/1986",0.009111618
"683","10/15/1986",0
"684","10/16/1986",0.01354402
"685","10/17/1986",-0.01113586
"686","10/20/1986",-0.004504505
"687","10/21/1986",-0.01131222
"688","10/22/1986",0.01144165
"689","10/23/1986",0.07013575
"690","10/24/1986",-0.01902748
"691","10/27/1986",0.0112069
"692","10/28/1986",-0.00862069
"693","10/29/1986",0.002173913
"694","10/30/1986",0.006507592
"695","10/31/1986",-0.01077586
"696","11/3/1986",0.03267974
"697","11/4/1986",-0.01476793
"698","11/5/1986",0.006423983
"699","11/6/1986",0.004255319
"700","11/7/1986",-0.01483051
"701","11/10/1986",-0.01935484
"702","11/11/1986",0
"703","11/12/1986",0.002192982
"704","11/13/1986",-0.01969365
"705","11/14/1986",-0.006696429
"706","11/17/1986",0.01573034
"707","11/18/1986",-0.02433628
"708","11/19/1986",0.03401361
"709","11/20/1986",0.01754386
"710","11/21/1986",0.01508621
"711","11/24/1986",0.01061571
"712","11/25/1986",0
"713","11/26/1986",-0.01260504
"714","11/28/1986",-0.004255319
"715","12/1/1986",0.02350427
"716","12/2/1986",0.006263048
"717","12/3/1986",-0.01037344
"718","12/4/1986",-0.01467505
"719","12/5/1986",-0.004255319
"720","12/8/1986",-0.01709402
"721","12/9/1986",-0.002173913
"722","12/10/1986",0.008714597
"723","12/11/1986",-0.02807775
"724","12/12/1986",-0.002222222
"725","12/15/1986",0.02895323
"726","12/16/1986",-0.008658009
"727","12/17/1986",0.004366812
"728","12/18/1986",0
"729","12/19/1986",0.008695652
"730","12/22/1986",-0.006465517
"731","12/23/1986",-0.03036876
"732","12/24/1986",0.02684564
"733","12/26/1986",0.004357298
"734","12/29/1986",-0.004338395
"735","12/30/1986",-0.004357298
"736","12/31/1986",-0.01531729
"737","1/2/1987",0.02444444
"738","1/5/1987",0.04121475
"739","1/6/1987",0.01041667
"740","1/7/1987",0.04329897
"741","1/8/1987",-0.009881423
"742","1/9/1987",0.01796407
"743","1/12/1987",0.02156863
"744","1/13/1987",0.0134357
"745","1/14/1987",0.04545455
"746","1/15/1987",0.02173913
"747","1/16/1987",-0.007092198
"748","1/19/1987",0.003571429
"749","1/20/1987",0.01423488
"750","1/21/1987",0.01052632
"751","1/22/1987",0.06597222
"752","1/23/1987",-0.03257329
"753","1/26/1987",-0.004713805
"754","1/27/1987",0.02047782
"755","1/28/1987",-0.001672241
"756","1/29/1987",-0.001675042
"757","1/30/1987",-0.001677852
"758","2/2/1987",0.0184874
"759","2/3/1987",0.00330033
"760","2/4/1987",0.01315789
"761","2/5/1987",0.03246753
"762","2/6/1987",-0.02830189
"763","2/9/1987",-0.02265372
"764","2/10/1987",-0.02649007
"765","2/11/1987",0.02040816
"766","2/12/1987",-0.003333333
"767","2/13/1987",0.01839465
"768","2/17/1987",0.0361248
"769","2/18/1987",0
"770","2/19/1987",0.001584786
"771","2/20/1987",-0.01424051
"772","2/23/1987",-0.01444623
"773","2/24/1987",0.004885993
"774","2/25/1987",0.006482982
"775","2/26/1987",-0.02093398
"776","2/27/1987",0.00493421
"777","3/2/1987",0.01145663
"778","3/3/1987",-0.006472492
"779","3/4/1987",0.03257329
"780","3/5/1987",0.006309148
"781","3/6/1987",0.01567398
"782","3/9/1987",0.007716049
"783","3/10/1987",0.004594181
"784","3/11/1987",0.007621951
"785","3/12/1987",-0.01210287
"786","3/13/1987",-0.0229709
"787","3/16/1987",-0.01567398
"788","3/17/1987",0.02229299
"789","3/18/1987",0
"790","3/19/1987",0.007788162
"791","3/20/1987",0.00618238
"792","3/23/1987",0.01228879
"793","3/24/1987",-0.01062215
"794","3/25/1987",0.02760736
"795","3/26/1987",0.005970149
"796","3/27/1987",-0.01038576
"797","3/30/1987",-0.01649175
"798","3/31/1987",0.02896341
"799","4/1/1987",0.03111111
"800","4/2/1987",-0.01293103
"801","4/3/1987",0.01892285
"802","4/6/1987",0.03
"803","4/7/1987",-0.01386963
"804","4/8/1987",-0.00140647
"805","4/9/1987",-0.02816901
"806","4/10/1987",-0.001449275
"807","4/13/1987",-0.01015965
"808","4/14/1987",-0.03519062
"809","4/15/1987",0.006079027
"810","4/16/1987",0.02567976
"811","4/20/1987",-0.02798233
"812","4/21/1987",0.03636364
"813","4/22/1987",-0.00877193
"814","4/23/1987",0.004424779
"815","4/24/1987",-0.03230543
"816","4/27/1987",-0.01213961
"817","4/28/1987",0.01395349
"818","4/29/1987",0.07339449
"819","4/30/1987",0.03703704
"820","5/1/1987",0.07692308
"821","5/4/1987",-0.005102041
"822","5/5/1987",-0.001282051
"823","5/6/1987",0.01668806
"824","5/7/1987",0.01262626
"825","5/8/1987",-0.002493766
"826","5/11/1987",-0.02875
"827","5/12/1987",-0.005148005
"828","5/13/1987",0.01164295
"829","5/14/1987",-0.01278772
"830","5/15/1987",-0.02720207
"831","5/18/1987",-0.03328895
"832","5/19/1987",-0.01652892
"833","5/20/1987",-0.01540616
"834","5/21/1987",0.0113798
"835","5/22/1987",0.01969058
"836","5/26/1987",0.01517241
"837","5/27/1987",-0.002717391
"838","5/28/1987",-0.01498638
"839","5/29/1987",0.005532504
"840","6/1/1987",0.009628611
"841","6/2/1987",-0.004087193
"842","6/3/1987",0.03556772
"843","6/4/1987",-0.003963012
"844","6/5/1987",-0.00530504
"845","6/8/1987",0.006666667
"846","6/9/1987",0.005298013
"847","6/10/1987",-0.01185771
"848","6/11/1987",-0.001333333
"849","6/12/1987",-0.002670227
"850","6/15/1987",0.04016064
"851","6/16/1987",0.01029601
"852","6/17/1987",-0.03057325
"853","6/18/1987",0.005256242
"854","6/19/1987",0.005228758
"855","6/22/1987",0.00130039
"856","6/23/1987",0.003896104
"857","6/24/1987",0.002587322
"858","6/25/1987",0.02967742
"859","6/26/1987",0.02255639
"860","6/29/1987",-0.01348039
"861","6/30/1987",-0.01614907
"862","7/1/1987",-0.006313131
"863","7/2/1987",0.01143583
"864","7/6/1987",-0.01758794
"865","7/7/1987",0.02046036
"866","7/8/1987",0.01754386
"867","7/9/1987",-0.006157635
"868","7/10/1987",0.01115242
"869","7/13/1987",0.01348039
"870","7/14/1987",0.03143894
"871","7/15/1987",-0.001172333
"872","7/16/1987",0.004694836
"873","7/17/1987",0.009345794
"874","7/20/1987",-0.01388889
"875","7/21/1987",0
"876","7/22/1987",-0.001173709
"877","7/23/1987",-0.02350176
"878","7/24/1987",0.001203369
"879","7/27/1987",-0.009615385
"880","7/28/1987",-0.008495146
"881","7/29/1987",0.004932182
"882","7/30/1987",0.001226994
"883","7/31/1987",-0.003676471
"884","8/3/1987",0.002460025
"885","8/4/1987",0.03190184
"886","8/5/1987",0.001189061
"887","8/6/1987",-0.004750594
"888","8/7/1987",-0.01073986
"889","8/10/1987",0.02412545
"890","8/11/1987",0.003533569
"891","8/12/1987",0.01877934
"892","8/13/1987",0.005760369
"893","8/14/1987",0.006872852
"894","8/17/1987",0.01365188
"895","8/18/1987",-0.02132436
"896","8/19/1987",-0.001146789
"897","8/20/1987",0.01492537
"898","8/21/1987",-0.002262444
"899","8/24/1987",-0.00340136
"900","8/25/1987",0.01592719
"901","8/26/1987",-0.002239642
"902","8/27/1987",-0.0325477
"903","8/28/1987",-0.004640371
"904","8/31/1987",0.006993007
"905","9/1/1987",-0.0150463
"906","9/2/1987",-0.009400705
"907","9/3/1987",-0.01423488
"908","9/4/1987",-0.01805054
"909","9/8/1987",0.004901961
"910","9/9/1987",0.006097561
"911","9/10/1987",0
"912","9/11/1987",0.004848485
"913","9/14/1987",0.03015682
"914","9/15/1987",-0.01990632
"915","9/16/1987",-0.005973716
"916","9/17/1987",0.007211538
"917","9/18/1987",-0.01551313
"918","9/21/1987",-0.01333333
"919","9/22/1987",0.01351351
"920","9/23/1987",0.003636364
"921","9/24/1987",-0.02415459
"922","9/25/1987",-0.03712871
"923","9/28/1987",0.01156812
"924","9/29/1987",-0.02541296
"925","9/30/1987",0.02216428
"926","10/1/1987",0.03188775
"927","10/2/1987",-0.009888751
"928","10/5/1987",-0.006242197
"929","10/6/1987",-0.02638191
"930","10/7/1987",-0.01548387
"931","10/8/1987",-0.009174312
"932","10/9/1987",0.002645503
"933","10/12/1987",-0.01055409
"934","10/13/1987",0.02133333
"935","10/14/1987",-0.03394256
"936","10/15/1987",-0.05945946
"937","10/16/1987",-0.0316092
"938","10/19/1987",-0.1810089
"939","10/20/1987",0.04347826
"940","10/21/1987",0.06944445
"941","10/22/1987",-0.04220779
"942","10/23/1987",0.00338983
"943","10/26/1987",-0.08108108
"944","10/27/1987",0.04411765
"945","10/28/1987",0.02857143
"946","10/29/1987",0.02430556
"947","10/30/1987",0.02372881
"948","11/2/1987",0.009933775
"949","11/3/1987",0
"950","11/4/1987",-0.003278689
"951","11/5/1987",0.03289474
"952","11/6/1987",-0.0366242
"953","11/9/1987",-0.02975207
"954","11/10/1987",-0.02214651
"955","11/11/1987",0
"956","11/12/1987",0.03832753
"957","11/13/1987",0.01174497
"958","11/16/1987",0.02155887
"959","11/17/1987",-0.01461039
"960","11/18/1987",0.01482702
"961","11/19/1987",-0.02435065
"962","11/20/1987",0.00499168
"963","11/23/1987",0.003311258
"964","11/24/1987",0.00660066
"965","11/25/1987",-0.02622951
"966","11/27/1987",-0.01683502
"967","11/30/1987",-0.02568493
"968","12/1/1987",0.02811951
"969","12/2/1987",0.02222222
"970","12/3/1987",-0.03010033
"971","12/4/1987",-0.001724138
"972","12/7/1987",0.03972366
"973","12/8/1987",0
"974","12/9/1987",0.004983389
"975","12/10/1987",-0.03140496
"976","12/11/1987",0.005119454
"977","12/14/1987",0.0237691
"978","12/15/1987",0.00331675
"979","12/16/1987",0.01818182
"980","12/17/1987",-0.01623377
"981","12/18/1987",0.00990099
"982","12/21/1987",0.02287582
"983","12/22/1987",0
"984","12/23/1987",0.006389776
"985","12/24/1987",-0.003174603
"986","12/28/1987",-0.01910828
"987","12/29/1987",-0.006493506
"988","12/30/1987",0
"989","12/31/1987",-0.01470588
"990","1/4/1988",0.04477612
"991","1/5/1988",0.01269841
"992","1/6/1988",0.01253918
"993","1/7/1988",0.01857585
"994","1/8/1988",-0.06231003
"995","1/11/1988",0.03727715
"996","1/12/1988",-0.0078125
"997","1/13/1988",-0.007874016
"998","1/14/1988",0
"999","1/15/1988",0.05396825
"1000","1/18/1988",0.04216867
"1001","1/19/1988",-0.00867052
"1002","1/20/1988",-0.05539359
"1003","1/21/1988",0.0308642
"1004","1/22/1988",0.002994012
"1005","1/25/1988",0.02089552
"1006","1/26/1988",0.01183432
"1007","1/27/1988",-0.00877193
"1008","1/28/1988",0.005899705
"1009","1/29/1988",-0.002932551
"1010","2/1/1988",0.01176471
"1011","2/2/1988",-0.002906977
"1012","2/3/1988",-0.02040816
"1013","2/4/1988",0.005952381
"1014","2/5/1988",-0.03254438
"1015","2/8/1988",-0.01529052
"1016","2/9/1988",0.0310559
"1017","2/10/1988",0.02710843
"1018","2/11/1988",0.005865103
"1019","2/12/1988",0.01166181
"1020","2/16/1988",0.01440922
"1021","2/17/1988",0.01136364
"1022","2/18/1988",-0.0505618
"1023","2/19/1988",0.0591716
"1024","2/22/1988",-0.01117318
"1025","2/23/1988",0.005649718
"1026","2/24/1988",0.01404494
"1027","2/25/1988",-0.01939058
"1028","2/26/1988",0
"1029","2/29/1988",0.01977401
"1030","3/1/1988",0.008310249
"1031","3/2/1988",0.008241759
"1032","3/3/1988",0.002724796
"1033","3/4/1988",0
"1034","3/7/1988",0
"1035","3/8/1988",-0.005434783
"1036","3/9/1988",-0.0136612
"1037","3/10/1988",-0.03878116
"1038","3/11/1988",0.02305475
"1039","3/14/1988",-0.002816901
"1040","3/15/1988",-0.005649718
"1041","3/16/1988",0.002840909
"1042","3/17/1988",0.01133144
"1043","3/18/1988",0.002801121
"1044","3/21/1988",-0.01396648
"1045","3/22/1988",-0.008498584
"1046","3/23/1988",0
"1047","3/24/1988",-0.01428571
"1048","3/25/1988",-0.02608696
"1049","3/28/1988",0.005952381
"1050","3/29/1988",0.00591716
"1051","3/30/1988",0.02647059
"1052","3/31/1988",-0.01719198
"1053","4/4/1988",0.01457726
"1054","4/5/1988",0.02011494
"1055","4/6/1988",0.04225352
"1056","4/7/1988",-0.01621622
"1057","4/8/1988",0.02472528
"1058","4/11/1988",0.01340483
"1059","4/12/1988",0
"1060","4/13/1988",-0.002645503
"1061","4/14/1988",-0.05039788
"1062","4/15/1988",0.01117318
"1063","4/18/1988",0.01104972
"1064","4/19/1988",-0.01092896
"1065","4/20/1988",-0.01104972
"1066","4/21/1988",0.01117318
"1067","4/22/1988",0.01381215
"1068","4/25/1988",0.02724796
"1069","4/26/1988",0.004774536
"1070","4/27/1988",0.01604278
"1071","4/28/1988",0.002631579
"1072","4/29/1988",-0.007874016
"1073","5/2/1988",0.007936508
"1074","5/3/1988",0.02099738
"1075","5/4/1988",-0.01542416
"1076","5/5/1988",0
"1077","5/6/1988",-0.01827676
"1078","5/9/1988",-0.002659574
"1079","5/10/1988",0.01066667
"1080","5/11/1988",-0.01319261
"1081","5/12/1988",0.01069519
"1082","5/13/1988",0.01587302
"1083","5/16/1988",0.015625
"1084","5/17/1988",-0.005128205
"1085","5/18/1988",-0.0257732
"1086","5/19/1988",0
"1087","5/20/1988",-0.005291005
"1088","5/23/1988",-0.01595745
"1089","5/24/1988",-0.008108108
"1090","5/25/1988",0.01089918
"1091","5/26/1988",-0.002695418
"1092","5/27/1988",-0.008108108
"1093","5/31/1988",0.04904632
"1094","6/1/1988",0.01298701
"1095","6/2/1988",0.005128205
"1096","6/3/1988",0.005102041
"1097","6/6/1988",0.02538071
"1098","6/7/1988",-0.002475247
"1099","6/8/1988",0.01985112
"1100","6/9/1988",0.00486618
"1101","6/10/1988",0.002421308
"1102","6/13/1988",-0.007246377
"1103","6/14/1988",0.02189781
"1104","6/15/1988",0.00952381
"1105","6/16/1988",-0.01650943
"1106","6/17/1988",0.009592326
"1107","6/20/1988",-0.01425178
"1108","6/21/1988",0.02168675
"1109","6/22/1988",0.01650943
"1110","6/23/1988",-0.01392111
"1111","6/24/1988",-0.01647059
"1112","6/27/1988",-0.009569378
"1113","6/28/1988",0.03140097
"1114","6/29/1988",-0.01405152
"1115","6/30/1988",0.01187648
"1116","7/1/1988",-0.009389671
"1117","7/5/1988",0.02369668
"1118","7/6/1988",-0.01157407
"1119","7/7/1988",0.00234192
"1120","7/8/1988",-0.01168224
"1121","7/11/1988",-0.0141844
"1122","7/12/1988",-0.01199041
"1123","7/13/1988",0.002427184
"1124","7/14/1988",-0.004842615
"1125","7/15/1988",0.01216545
"1126","7/18/1988",-0.009615385
"1127","7/19/1988",0.007281553
"1128","7/20/1988",0.01445783
"1129","7/21/1988",-0.01187648
"1130","7/22/1988",-0.01682692
"1131","7/25/1988",-0.007334963
"1132","7/26/1988",0.01231527
"1133","7/27/1988",-0.002919707
"1134","7/28/1988",0.02962963
"1135","7/29/1988",0.01678657
"1136","8/1/1988",0.009433962
"1137","8/2/1988",-0.007009346
"1138","8/3/1988",0.01411765
"1139","8/4/1988",0.004640371
"1140","8/5/1988",-0.006928407
"1141","8/8/1988",-0.01395349
"1142","8/9/1988",-0.02122642
"1143","8/10/1988",-0.0313253
"1144","8/11/1988",0
"1145","8/12/1988",0.002487562
"1146","8/15/1988",-0.01736973
"1147","8/16/1988",0.002525253
"1148","8/17/1988",-0.01259446
"1149","8/18/1988",0.01020408
"1150","8/19/1988",-0.01767677
"1151","8/22/1988",-0.03598972
"1152","8/23/1988",0.01066667
"1153","8/24/1988",0.03430079
"1154","8/25/1988",-0.01020408
"1155","8/26/1988",-0.005154639
"1156","8/29/1988",0.02072539
"1157","8/30/1988",-0.002538071
"1158","8/31/1988",0.002544529
"1159","9/1/1988",-0.007614213
"1160","9/2/1988",0.02557545
"1161","9/6/1988",0.009975063
"1162","9/7/1988",-0.004938272
"1163","9/8/1988",-0.004962779
"1164","9/9/1988",0.002493766
"1165","9/12/1988",0.0199005
"1166","9/13/1988",0.004878049
"1167","9/14/1988",0.004854369
"1168","9/15/1988",-0.009661836
"1169","9/16/1988",-0.02195122
"1170","9/19/1988",-0.01246883
"1171","9/20/1988",0.005050505
"1172","9/21/1988",0.005025126
"1173","9/22/1988",-0.01
"1174","9/23/1988",0.02525252
"1175","9/26/1988",0
"1176","9/27/1988",-0.002463054
"1177","9/28/1988",0.002469136
"1178","9/29/1988",0.01477833
"1179","9/30/1988",-0.007281553
"1180","10/3/1988",0.01466993
"1181","10/4/1988",-0.009638554
"1182","10/5/1988",0.00973236
"1183","10/6/1988",0
"1184","10/7/1988",0.02409638
"1185","10/10/1988",0.007058823
"1186","10/11/1988",-0.002336449
"1187","10/12/1988",-0.02810304
"1188","10/13/1988",-0.01927711
"1189","10/14/1988",0.01474201
"1190","10/17/1988",0.004842615
"1191","10/18/1988",0.009638554
"1192","10/19/1988",-0.01670644
"1193","10/20/1988",0.04126213
"1194","10/21/1988",-0.002331002
"1195","10/24/1988",0.002336449
"1196","10/25/1988",0.01864802
"1197","10/26/1988",-0.01647597
"1198","10/27/1988",0.002352941
"1199","10/28/1988",-0.01643192
"1200","10/31/1988",-0.01670644
"1201","11/1/1988",0
"1202","11/2/1988",-0.002427184
"1203","11/3/1988",-0.01703163
"1204","11/4/1988",-0.01732673
"1205","11/7/1988",0.02770781
"1206","11/8/1988",0.00245098
"1207","11/9/1988",0
"1208","11/10/1988",-0.002444988
"1209","11/11/1988",-0.02205882
"1210","11/14/1988",-0.002506266
"1211","11/15/1988",0.01005025
"1212","11/16/1988",-0.01492537
"1213","11/17/1988",-0.002525253
"1214","11/18/1988",0.002531646
"1215","11/21/1988",0.002525253
"1216","11/22/1988",0.01511335
"1217","11/23/1988",0.01488834
"1218","11/25/1988",-0.02200489
"1219","11/28/1988",-0.0025
"1220","11/29/1988",0.02756892
"1221","11/30/1988",0.01463415
"1222","12/1/1988",0.002403846
"1223","12/2/1988",-0.007194245
"1224","12/5/1988",0.01690821
"1225","12/6/1988",0.004750594
"1226","12/7/1988",-0.004728132
"1227","12/8/1988",-0.01187648
"1228","12/9/1988",0.007211538
"1229","12/12/1988",0
"1230","12/13/1988",-0.002386635
"1231","12/14/1988",-0.009569378
"1232","12/15/1988",-0.01449275
"1233","12/16/1988",-0.004901961
"1234","12/19/1988",0.01724138
"1235","12/20/1988",0.002421308
"1236","12/21/1988",-0.009661836
"1237","12/22/1988",-0.004878049
"1238","12/23/1988",0
"1239","12/27/1988",-0.00245098
"1240","12/28/1988",-0.004914005
"1241","12/29/1988",0.01728395
"1242","12/30/1988",-0.01941748
"1243","1/3/1989",-0.002475247
"1244","1/4/1989",0.01488834
"1245","1/5/1989",0.007334963
"1246","1/6/1989",-0.002427184
"1247","1/9/1989",-0.00486618
"1248","1/10/1989",0
"1249","1/11/1989",0.02933985
"1250","1/12/1989",0.004750594
"1251","1/13/1989",0
"1252","1/16/1989",-0.004728132
"1253","1/17/1989",-0.009501188
"1254","1/18/1989",0.01678657
"1255","1/19/1989",-0.002358491
"1256","1/20/1989",-0.007092198
"1257","1/23/1989",-0.004761905
"1258","1/24/1989",0.009569379
"1259","1/25/1989",-0.002403846
"1260","1/26/1989",-0.004819277
"1261","1/27/1989",0.01694915
"1262","1/30/1989",0.02142857
"1263","1/31/1989",0.01864802
"1264","2/1/1989",0.009153318
"1265","2/2/1989",0
"1266","2/3/1989",-0.009070295
"1267","2/6/1989",0.002288329
"1268","2/7/1989",0.02054795
"1269","2/8/1989",0.004474273
"1270","2/9/1989",-0.01781737
"1271","2/10/1989",-0.02494331
"1272","2/13/1989",0.002325581
"1273","2/14/1989",-0.006960557
"1274","2/15/1989",0.01168224
"1275","2/16/1989",-0.009237875
"1276","2/17/1989",0.006993007
"1277","2/21/1989",-0.00462963
"1278","2/22/1989",-0.01860465
"1279","2/23/1989",0.007109005
"1280","2/24/1989",-0.02588235
"1281","2/27/1989",0.002415459
"1282","2/28/1989",-0.004819277
"1283","3/1/1989",-0.002421308
"1284","3/2/1989",0.007281553
"1285","3/3/1989",0.007228916
"1286","3/6/1989",-0.009569378
"1287","3/7/1989",-0.01449275
"1288","3/8/1989",-0.004901961
"1289","3/9/1989",0.007389163
"1290","3/10/1989",-0.007334963
"1291","3/13/1989",0.007389163
"1292","3/14/1989",-0.01466993
"1293","3/15/1989",-0.00248139
"1294","3/16/1989",0.01741293
"1295","3/17/1989",-0.02444988
"1296","3/20/1989",-0.01503759
"1297","3/21/1989",-0.005089059
"1298","3/22/1989",-0.01023018
"1299","3/23/1989",0.002583979
"1300","3/27/1989",0.007731959
"1301","3/28/1989",0
"1302","3/29/1989",-0.007672634
"1303","3/30/1989",0.005154639
"1304","3/31/1989",0.002564103
"1305","4/3/1989",0.01023018
"1306","4/4/1989",-0.01518987
"1307","4/5/1989",-0.02313625
"1308","4/6/1989",-0.01315789
"1309","4/7/1989",0.01866667
"1310","4/10/1989",-0.007853403
"1311","4/11/1989",-0.002638523
"1312","4/12/1989",-0.007936508
"1313","4/13/1989",0.002666667
"1314","4/14/1989",0.0212766
"1315","4/17/1989",-0.002604167
"1316","4/18/1989",0.0156658
"1317","4/19/1989",0
"1318","4/20/1989",-0.007712082
"1319","4/21/1989",0.01554404
"1320","4/24/1989",-0.0127551
"1321","4/25/1989",0.007751938
"1322","4/26/1989",0.01282051
"1323","4/27/1989",-0.01542416
"1324","4/28/1989",-0.002610966
"1325","5/1/1989",-0.002617801
"1326","5/2/1989",-0.005249344
"1327","5/3/1989",-0.007915568
"1328","5/4/1989",-0.002659574
"1329","5/5/1989",-0.002666667
"1330","5/8/1989",-0.005347594
"1331","5/9/1989",-0.002688172
"1332","5/10/1989",0
"1333","5/11/1989",0.008086253
"1334","5/12/1989",0.02139037
"1335","5/15/1989",0.01570681
"1336","5/16/1989",0.00257732
"1337","5/17/1989",0.02313625
"1338","5/18/1989",0
"1339","5/19/1989",0.005025126
"1340","5/22/1989",-0.0125
"1341","5/23/1989",-0.02531646
"1342","5/24/1989",-0.01558442
"1343","5/25/1989",-0.007915568
"1344","5/26/1989",0.02393617
"1345","5/30/1989",0.007792208
"1346","5/31/1989",0.005154639
"1347","6/1/1989",0.01282051
"1348","6/2/1989",0.005063291
"1349","6/5/1989",-0.002518892
"1350","6/6/1989",0.01010101
"1351","6/7/1989",-0.02
"1352","6/8/1989",-0.01020408
"1353","6/9/1989",0
"1354","6/12/1989",0.007731959
"1355","6/13/1989",0
"1356","6/14/1989",0.01023018
"1357","6/15/1989",-0.007594937
"1358","6/16/1989",-0.00255102
"1359","6/19/1989",-0.002557545
"1360","6/20/1989",0.007692308
"1361","6/21/1989",-0.007633588
"1362","6/22/1989",-0.002564103
"1363","6/23/1989",0.01285347
"1364","6/26/1989",-0.01015228
"1365","6/27/1989",0
"1366","6/28/1989",0.01025641
"1367","6/29/1989",-0.02030457
"1368","6/30/1989",0.005181347
"1369","7/3/1989",0.00257732
"1370","7/5/1989",-0.007712082
"1371","7/6/1989",-0.002590674
"1372","7/7/1989",-0.007792208
"1373","7/10/1989",-0.002617801
"1374","7/11/1989",0.007874016
"1375","7/12/1989",0.01041667
"1376","7/13/1989",0
"1377","7/14/1989",0.007731959
"1378","7/17/1989",0.002557545
"1379","7/18/1989",-0.005102041
"1380","7/19/1989",0.02564103
"1381","7/20/1989",-0.0175
"1382","7/21/1989",0.01272265
"1383","7/24/1989",-0.005025126
"1384","7/25/1989",0.005050505
"1385","7/26/1989",0.01507538
"1386","7/27/1989",-0.007425743
"1387","7/28/1989",0.004987531
"1388","7/31/1989",0.005037783
"1389","8/1/1989",-0.007518797
"1390","8/2/1989",0.01010101
"1391","8/3/1989",0
"1392","8/4/1989",-0.0025
"1393","8/7/1989",0.007518797
"1394","8/8/1989",0.002487562
"1395","8/9/1989",-0.009925558
"1396","8/10/1989",0.005012531
"1397","8/11/1989",-0.002493766
"1398","8/14/1989",0.0025
"1399","8/15/1989",0.01745636
"1400","8/16/1989",0.01715686
"1401","8/17/1989",-0.01686747
"1402","8/18/1989",0.007352941
"1403","8/21/1989",-0.00243309
"1404","8/22/1989",0
"1405","8/23/1989",0.01219512
"1406","8/24/1989",0.009638554
"1407","8/25/1989",0.007159905
"1408","8/28/1989",0.004739337
"1409","8/29/1989",-0.01415094
"1410","8/30/1989",0.01435407
"1411","8/31/1989",0.01650943
"1412","9/1/1989",0.006960557
"1413","9/5/1989",-0.01152074
"1414","9/6/1989",-0.01165501
"1415","9/7/1989",-0.002358491
"1416","9/8/1989",0.0141844
"1417","9/11/1989",0.002331002
"1418","9/12/1989",-0.004651163
"1419","9/13/1989",-0.02570093
"1420","9/14/1989",0
"1421","9/15/1989",-0.002398082
"1422","9/18/1989",0
"1423","9/19/1989",-0.007211538
"1424","9/20/1989",-0.01452785
"1425","9/21/1989",-0.002457002
"1426","9/22/1989",0.01477833
"1427","9/25/1989",-0.01213592
"1428","9/26/1989",0.004914005
"1429","9/27/1989",-0.002444988
"1430","9/28/1989",0
"1431","9/29/1989",-0.00245098
"1432","10/2/1989",0.007371007
"1433","10/3/1989",0.02682927
"1434","10/4/1989",0.01187648
"1435","10/5/1989",-0.002347418
"1436","10/6/1989",0.002352941
"1437","10/9/1989",0
"1438","10/10/1989",-0.007042253
"1439","10/11/1989",-0.007092198
"1440","10/12/1989",-0.00952381
"1441","10/13/1989",-0.05769231
"1442","10/16/1989",0.03571429
"1443","10/17/1989",-0.01724138
"1444","10/18/1989",-0.002506266
"1445","10/19/1989",0.005025126
"1446","10/20/1989",0
"1447","10/23/1989",-0.0025
"1448","10/24/1989",-0.01503759
"1449","10/25/1989",-0.01017812
"1450","10/26/1989",-0.007712082
"1451","10/27/1989",-0.007894737
"1452","10/30/1989",-0.00795756
"1453","10/31/1989",0.01336898
"1454","11/1/1989",-0.005277045
"1455","11/2/1989",-0.0132626
"1456","11/3/1989",-0.0188172
"1457","11/6/1989",-0.03835616
"1458","11/7/1989",0.01994302
"1459","11/8/1989",0.005586592
"1460","11/9/1989",-0.008333334
"1461","11/10/1989",0.008403362
"1462","11/13/1989",-0.005555556
"1463","11/14/1989",-0.01117318
"1464","11/15/1989",0.005649718
"1465","11/16/1989",0.002808989
"1466","11/17/1989",0.005602241
"1467","11/20/1989",-0.01949861
"1468","11/21/1989",-0.005681818
"1469","11/22/1989",0.002857143
"1470","11/24/1989",0.008547009
"1471","11/27/1989",0.02542373
"1472","11/28/1989",0.005509642
"1473","11/29/1989",-0.01643836
"1474","11/30/1989",-0.005571031
"1475","12/1/1989",0.01960784
"1476","12/4/1989",0.002747253
"1477","12/5/1989",-0.008219178
"1478","12/6/1989",0
"1479","12/7/1989",-0.002762431
"1480","12/8/1989",-0.005540166
"1481","12/11/1989",-0.01392758
"1482","12/12/1989",0.008474576
"1483","12/13/1989",0.002801121
"1484","12/14/1989",-0.01675978
"1485","12/15/1989",-0.008522728
"1486","12/18/1989",-0.02005731
"1487","12/19/1989",-0.02631579
"1488","12/20/1989",0.006006006
"1489","12/21/1989",0.0238806
"1490","12/22/1989",0
"1491","12/26/1989",0.002915452
"1492","12/27/1989",0.005813953
"1493","12/28/1989",0.00867052
"1494","12/29/1989",0
"1495","1/2/1990",0.03724928
"1496","1/3/1990",0.005524862
"1497","1/4/1990",0
"1498","1/5/1990",-0.01373626
"1499","1/8/1990",0
"1500","1/9/1990",-0.01671309
"1501","1/10/1990",0.008498584
"1502","1/11/1990",0.01123596
"1503","1/12/1990",-0.02777778
"1504","1/15/1990",-0.01142857
"1505","1/16/1990",0.04046243
"1506","1/17/1990",-0.01666667
"1507","1/18/1990",0
"1508","1/19/1990",0.008474576
"1509","1/22/1990",-0.02521008
"1510","1/23/1990",0.01149425
"1511","1/24/1990",-0.02272727
"1512","1/25/1990",-0.01183432
"1513","1/26/1990",0.01497006
"1514","1/29/1990",0.005899705
"1515","1/30/1990",-0.002932551
"1516","1/31/1990",0.01470588
"1517","2/1/1990",-0.008695652
"1518","2/2/1990",0.00877193
"1519","2/5/1990",0.008695652
"1520","2/6/1990",-0.01436782
"1521","2/7/1990",0.04664723
"1522","2/8/1990",-0.01949861
"1523","2/9/1990",0
"1524","2/12/1990",0
"1525","2/13/1990",0.002840909
"1526","2/14/1990",0.01133144
"1527","2/15/1990",0.0140056
"1528","2/16/1990",-0.01933702
"1529","2/20/1990",-0.008450705
"1530","2/21/1990",0.02840909
"1531","2/22/1990",-0.01381215
"1532","2/23/1990",0.002801121
"1533","2/26/1990",0.02513967
"1534","2/27/1990",0.005449591
"1535","2/28/1990",-0.002710027
"1536","3/1/1990",-0.002717391
"1537","3/2/1990",0.02724796
"1538","3/5/1990",-0.00530504
"1539","3/6/1990",0.016
"1540","3/7/1990",-0.01049869
"1541","3/8/1990",0.01061008
"1542","3/9/1990",-0.005249344
"1543","3/12/1990",0.01319261
"1544","3/13/1990",0.002604167
"1545","3/14/1990",-0.01038961
"1546","3/15/1990",0.005249344
"1547","3/16/1990",0.0156658
"1548","3/19/1990",-0.007712082
"1549","3/20/1990",0.005181347
"1550","3/21/1990",-0.01030928
"1551","3/22/1990",0.01041667
"1552","3/23/1990",-0.005154639
"1553","3/26/1990",0.005181347
"1554","3/27/1990",0.005154639
"1555","3/28/1990",0
"1556","3/29/1990",-0.01538462
"1557","3/30/1990",-0.015625
"1558","4/2/1990",0.002645503
"1559","4/3/1990",0.01055409
"1560","4/4/1990",-0.007832898
"1561","4/5/1990",-0.01052632
"1562","4/6/1990",-0.002659574
"1563","4/9/1990",0
"1564","4/10/1990",0
"1565","4/11/1990",-0.008
"1566","4/12/1990",0
"1567","4/16/1990",0.005376344
"1568","4/17/1990",0.00802139
"1569","4/18/1990",0.01856764
"1570","4/19/1990",0.005208333
"1571","4/20/1990",-0.005181347
"1572","4/23/1990",-0.01041667
"1573","4/24/1990",-0.01578947
"1574","4/25/1990",-0.005347594
"1575","4/26/1990",-0.005376344
"1576","4/27/1990",-0.02472528
"1577","4/30/1990",-0.005633803
"1578","5/1/1990",0.005665722
"1579","5/2/1990",0.02535211
"1580","5/3/1990",0.002747253
"1581","5/4/1990",0.005479452
"1582","5/7/1990",-0.002724796
"1583","5/8/1990",0.0136612
"1584","5/9/1990",-0.01078167
"1585","5/10/1990",-0.008174387
"1586","5/11/1990",0.01923077
"1587","5/14/1990",0.02425876
"1588","5/15/1990",0.005263158
"1589","5/16/1990",0
"1590","5/17/1990",0
"1591","5/18/1990",-0.013089
"1592","5/21/1990",0.01061008
"1593","5/22/1990",0
"1594","5/23/1990",-0.01049869
"1595","5/24/1990",-0.0132626
"1596","5/25/1990",0.002688172
"1597","5/29/1990",0.01072386
"1598","5/30/1990",-0.0132626
"1599","5/31/1990",-0.008064516
"1600","6/1/1990",0.01626016
"1601","6/4/1990",0.024
"1602","6/5/1990",-0.01302083
"1603","6/6/1990",-0.01846966
"1604","6/7/1990",-0.005376344
"1605","6/8/1990",-0.008108108
"1606","6/11/1990",0.002724796
"1607","6/12/1990",0.01358696
"1608","6/13/1990",-0.00536193
"1609","6/14/1990",0
"1610","6/15/1990",-0.01347709
"1611","6/18/1990",-0.01912568
"1612","6/19/1990",0.002785515
"1613","6/20/1990",-0.002777778
"1614","6/21/1990",-0.008356546
"1615","6/22/1990",-0.002808989
"1616","6/25/1990",-0.01408451
"1617","6/26/1990",-0.008571428
"1618","6/27/1990",0.008645534
"1619","6/28/1990",0.002857143
"1620","6/29/1990",-0.002849003
"1621","7/2/1990",0.01428571
"1622","7/3/1990",0.01408451
"1623","7/5/1990",-0.02222222
"1624","7/6/1990",0
"1625","7/9/1990",0.005681818
"1626","7/10/1990",-0.02259887
"1627","7/11/1990",-0.005780347
"1628","7/12/1990",0.02325581
"1629","7/13/1990",0.005681818
"1630","7/16/1990",-0.01412429
"1631","7/17/1990",0.00286533
"1632","7/18/1990",-0.005714286
"1633","7/19/1990",0.01436782
"1634","7/20/1990",-0.01983003
"1635","7/23/1990",-0.00867052
"1636","7/24/1990",-0.01166181
"1637","7/25/1990",-0.002949852
"1638","7/26/1990",-0.00887574
"1639","7/27/1990",0.008955224
"1640","7/30/1990",0.003012048
"1641","7/31/1990",-0.003003003
"1642","8/1/1990",-0.009036144
"1643","8/2/1990",-0.03039514
"1644","8/3/1990",0
"1645","8/6/1990",-0.03448276
"1646","8/7/1990",-0.01298701
"1647","8/8/1990",0.003289474
"1648","8/9/1990",0.003278689
"1649","8/10/1990",-0.0130719
"1650","8/13/1990",-0.006622517
"1651","8/14/1990",0.01333333
"1652","8/15/1990",0.003289474
"1653","8/16/1990",-0.0295082
"1654","8/17/1990",-0.02027027
"1655","8/20/1990",-0.006896552
"1656","8/21/1990",-0.02777778
"1657","8/22/1990",-0.02142857
"1658","8/23/1990",-0.03284672
"1659","8/24/1990",0.03773585
"1660","8/27/1990",0.03272727
"1661","8/28/1990",0.01056338
"1662","8/29/1990",0
"1663","8/30/1990",-0.03135889
"1664","8/31/1990",0.003597122
"1665","9/4/1990",-0.003584229
"1666","9/5/1990",-0.003597122
"1667","9/6/1990",-0.01083033
"1668","9/7/1990",0.02554744
"1669","9/10/1990",-0.007117438
"1670","9/11/1990",0.007168459
"1671","9/12/1990",0.01067616
"1672","9/13/1990",-0.02112676
"1673","9/14/1990",-0.003597122
"1674","9/17/1990",0.003610108
"1675","9/18/1990",0.01438849
"1676","9/19/1990",-0.0141844
"1677","9/20/1990",-0.02877698
"1678","9/21/1990",0.003703704
"1679","9/24/1990",-0.0295203
"1680","9/25/1990",0.007604563
"1681","9/26/1990",-0.02264151
"1682","9/27/1990",-0.01930502
"1683","9/28/1990",-0.02755906
"1684","10/1/1990",0.01214575
"1685","10/2/1990",0.032
"1686","10/3/1990",0
"1687","10/4/1990",-0.007751938
"1688","10/5/1990",0.01953125
"1689","10/8/1990",0.003831418
"1690","10/9/1990",-0.05343511
"1691","10/10/1990",-0.03225806
"1692","10/11/1990",-0.004166667
"1693","10/12/1990",0.0292887
"1694","10/15/1990",0.03252032
"1695","10/16/1990",-0.02755906
"1696","10/17/1990",-0.008097166
"1697","10/18/1990",0
"1698","10/19/1990",0.0244898
"1699","10/22/1990",0.01992032
"1700","10/23/1990",-0.0078125
"1701","10/24/1990",0.007874016
"1702","10/25/1990",-0.0078125
"1703","10/26/1990",-0.03937008
"1704","10/29/1990",-0.004201681
"1705","10/30/1990",-0.06751055
"1706","10/31/1990",0.004524887
"1707","11/1/1990",-0.01351351
"1708","11/2/1990",-0.01826484
"1709","11/5/1990",0.01395349
"1710","11/6/1990",0.009174312
"1711","11/7/1990",-0.02727273
"1712","11/8/1990",-0.009345794
"1713","11/9/1990",0.03301887
"1714","11/12/1990",0.04109589
"1715","11/13/1990",-0.004385965
"1716","11/14/1990",0.03964758
"1717","11/15/1990",-0.04237288
"1718","11/16/1990",-0.01327434
"1719","11/19/1990",-0.00896861
"1720","11/20/1990",-0.02262443
"1721","11/21/1990",-0.00462963
"1722","11/23/1990",0
"1723","11/26/1990",0.02790698
"1724","11/27/1990",-0.02262443
"1725","11/28/1990",0
"1726","11/29/1990",0
"1727","11/30/1990",0.01388889
"1728","12/3/1990",0
"1729","12/4/1990",0.01369863
"1730","12/5/1990",-0.009009009
"1731","12/6/1990",0.004545454
"1732","12/7/1990",0
"1733","12/10/1990",0.009049774
"1734","12/11/1990",-0.00896861
"1735","12/12/1990",-0.05429864
"1736","12/13/1990",-0.01435407
"1737","12/14/1990",-0.01941748
"1738","12/17/1990",0.01485149
"1739","12/18/1990",0.004878049
"1740","12/19/1990",-0.004854369
"1741","12/20/1990",-0.004878049
"1742","12/21/1990",0.03431373
"1743","12/24/1990",0
"1744","12/26/1990",0.009478673
"1745","12/27/1990",0.004694836
"1746","12/28/1990",0
"1747","12/31/1990",-0.004672897
"1748","1/2/1991",-0.01408451
"1749","1/3/1991",-0.00952381
"1750","1/4/1991",0.01923077
"1751","1/7/1991",-0.03773585
"1752","1/8/1991",0
"1753","1/9/1991",-0.01470588
"1754","1/10/1991",0.0199005
"1755","1/11/1991",-0.004878049
"1756","1/14/1991",-0.009803922
"1757","1/15/1991",0.01485149
"1758","1/16/1991",0.009756098
"1759","1/17/1991",0.02415459
"1760","1/18/1991",0.01415094
"1761","1/21/1991",-0.01395349
"1762","1/22/1991",0.004716981
"1763","1/23/1991",0.03755869
"1764","1/24/1991",-0.004524889
"1765","1/25/1991",-0.01869159
"1766","1/28/1991",0
"1767","1/29/1991",0.01904762
"1768","1/30/1991",0.04205608
"1769","1/31/1991",0.004484305
"1770","2/1/1991",0.01785714
"1771","2/4/1991",0.03947368
"1772","2/5/1991",-0.008438818
"1773","2/6/1991",0.01276596
"1774","2/7/1991",0.004201681
"1775","2/8/1991",0.0376569
"1776","2/11/1991",0.0483871
"1777","2/12/1991",-0.04230769
"1778","2/13/1991",-0.01204819
"1779","2/14/1991",-0.008130081
"1780","2/15/1991",0.02868852
"1781","2/19/1991",-0.02390438
"1782","2/20/1991",-0.02857143
"1783","2/21/1991",-0.004201681
"1784","2/22/1991",-0.004219409
"1785","2/25/1991",0.01694915
"1786","2/26/1991",-0.01666667
"1787","2/27/1991",0.03389831
"1788","2/28/1991",0.06967213
"1789","3/1/1991",0.01915709
"1790","3/4/1991",-0.003759399
"1791","3/5/1991",0.02641509
"1792","3/6/1991",0.003676471
"1793","3/7/1991",0
"1794","3/8/1991",-0.003663004
"1795","3/11/1991",-0.007352941
"1796","3/12/1991",0
"1797","3/13/1991",0.01111111
"1798","3/14/1991",0.003663004
"1799","3/15/1991",0.00729927
"1800","3/18/1991",0.007246377
"1801","3/19/1991",-0.0323741
"1802","3/20/1991",-0.02230483
"1803","3/21/1991",-0.02281369
"1804","3/22/1991",0.01945525
"1805","3/25/1991",0
"1806","3/26/1991",0.02290076
"1807","3/27/1991",-0.01492537
"1808","3/28/1991",-0.01893939
"1809","4/1/1991",-0.01930502
"1810","4/2/1991",0.01968504
"1811","4/3/1991",-0.007722008
"1812","4/4/1991",-0.0155642
"1813","4/5/1991",-0.01976285
"1814","4/8/1991",0.004032258
"1815","4/9/1991",0.01606426
"1816","4/10/1991",0.007905139
"1817","4/11/1991",0
"1818","4/12/1991",-0.01176471
"1819","4/15/1991",0.003968254
"1820","4/16/1991",0.01581028
"1821","4/17/1991",0.01167315
"1822","4/18/1991",0.03846154
"1823","4/19/1991",0.003703704
"1824","4/22/1991",-0.03690037
"1825","4/23/1991",0.01149425
"1826","4/24/1991",0.007575758
"1827","4/25/1991",-0.01503759
"1828","4/26/1991",0.008396947
"1829","4/29/1991",-0.02298851
"1830","4/30/1991",0.01960784
"1831","5/1/1991",0.03076923
"1832","5/2/1991",0
"1833","5/3/1991",0.02238806
"1834","5/6/1991",-0.02554744
"1835","5/7/1991",-0.01872659
"1836","5/8/1991",-0.007633588
"1837","5/9/1991",0.01538462
"1838","5/10/1991",-0.01136364
"1839","5/13/1991",-0.003831418
"1840","5/14/1991",-0.02307692
"1841","5/15/1991",0.003937008
"1842","5/16/1991",0.007843138
"1843","5/17/1991",-0.003891051
"1844","5/20/1991",-0.00390625
"1845","5/21/1991",0.01568628
"1846","5/22/1991",0.01158301
"1847","5/23/1991",0
"1848","5/24/1991",0.01908397
"1849","5/28/1991",0.03745318
"1850","5/29/1991",0.03610108
"1851","5/30/1991",0
"1852","5/31/1991",0.02787456
"1853","6/3/1991",-0.006779661
"1854","6/4/1991",-0.006825938
"1855","6/5/1991",-0.01718213
"1856","6/6/1991",0.003496503
"1857","6/7/1991",-0.02090592
"1858","6/10/1991",-0.02491103
"1859","6/11/1991",0.04379562
"1860","6/12/1991",-0.01398601
"1861","6/13/1991",-0.003546099
"1862","6/14/1991",0.04982206
"1863","6/17/1991",-0.006779661
"1864","6/18/1991",0.01023891
"1865","6/19/1991",-0.01013513
"1866","6/20/1991",0.003412969
"1867","6/21/1991",0.02721088
"1868","6/24/1991",-0.02980132
"1869","6/25/1991",0
"1870","6/26/1991",-0.006825938
"1871","6/27/1991",0.0137457
"1872","6/28/1991",-0.02372881
"1873","7/1/1991",0.01736111
"1874","7/2/1991",0.003412969
"1875","7/3/1991",-0.02380952
"1876","7/5/1991",-0.006968641
"1877","7/8/1991",0.01052632
"1878","7/9/1991",-0.02777778
"1879","7/10/1991",0.003571429
"1880","7/11/1991",-0.003558719
"1881","7/12/1991",0.01785714
"1882","7/15/1991",-0.02807018
"1883","7/16/1991",0.01083033
"1884","7/17/1991",-0.003571429
"1885","7/18/1991",0
"1886","7/19/1991",-0.007168459
"1887","7/22/1991",-0.007220217
"1888","7/23/1991",-0.007272727
"1889","7/24/1991",-0.01098901
"1890","7/25/1991",0.01481481
"1891","7/26/1991",-0.01459854
"1892","7/29/1991",-0.01407407
"1893","7/30/1991",0.01901141
"1894","7/31/1991",0
"1895","8/1/1991",-0.01865672
"1896","8/2/1991",-0.01140684
"1897","8/5/1991",-0.01538462
"1898","8/6/1991",0.01953125
"1899","8/7/1991",-0.003831418
"1900","8/8/1991",-0.01538462
"1901","8/9/1991",-0.03125
"1902","8/12/1991",0.004032258
"1903","8/13/1991",0.02008032
"1904","8/14/1991",0
"1905","8/15/1991",-0.01574803
"1906","8/16/1991",-0.012
"1907","8/19/1991",-0.03238866
"1908","8/20/1991",-0.008368201
"1909","8/21/1991",0.05485232
"1910","8/22/1991",-0.036
"1911","8/23/1991",0.06224066
"1912","8/26/1991",-0.015625
"1913","8/27/1991",-0.01587302
"1914","8/28/1991",0.01209677
"1915","8/29/1991",0.007968128
"1916","8/30/1991",-0.01581028
"1917","9/3/1991",-0.004016064
"1918","9/4/1991",-0.02419355
"1919","9/5/1991",0.004132231
"1920","9/6/1991",-0.004115226
"1921","9/9/1991",0.008264462
"1922","9/10/1991",-0.008196721
"1923","9/11/1991",0.008264462
"1924","9/12/1991",0
"1925","9/13/1991",-0.01639344
"1926","9/16/1991",-0.004166667
"1927","9/17/1991",0
"1928","9/18/1991",0
"1929","9/19/1991",0.0125523
"1930","9/20/1991",-0.02479339
"1931","9/23/1991",-0.008474576
"1932","9/24/1991",0.008547009
"1933","9/25/1991",-0.004237288
"1934","9/26/1991",0.02978723
"1935","9/27/1991",-0.004132231
"1936","9/30/1991",-0.004149378
"1937","10/1/1991",-0.004166667
"1938","10/2/1991",-0.008368201
"1939","10/3/1991",0.01265823
"1940","10/4/1991",0.03333334
"1941","10/7/1991",0
"1942","10/8/1991",-0.01209677
"1943","10/9/1991",-0.0244898
"1944","10/10/1991",0.0125523
"1945","10/11/1991",-0.008264462
"1946","10/14/1991",-0.004166667
"1947","10/15/1991",-0.0125523
"1948","10/16/1991",-0.008474576
"1949","10/17/1991",0
"1950","10/18/1991",0
"1951","10/21/1991",-0.008547009
"1952","10/22/1991",-0.01293103
"1953","10/23/1991",-0.03930131
"1954","10/24/1991",-0.02272727
"1955","10/25/1991",0.03255814
"1956","10/28/1991",-0.003603604
"1957","10/29/1991",-0.004587156
"1958","10/30/1991",0.004608295
"1959","10/31/1991",-0.004587156
"1960","11/1/1991",0.004608295
"1961","11/4/1991",-0.01834862
"1962","11/5/1991",-0.01869159
"1963","11/6/1991",0.00952381
"1964","11/7/1991",-0.004716981
"1965","11/8/1991",-0.009478673
"1966","11/11/1991",-0.03827751
"1967","11/12/1991",0.02487562
"1968","11/13/1991",-0.009708738
"1969","11/14/1991",0.009803922
"1970","11/15/1991",-0.02427184
"1971","11/18/1991",0.009950249
"1972","11/19/1991",-0.009852217
"1973","11/20/1991",-0.02985075
"1974","11/21/1991",0.02564103
"1975","11/22/1991",-0.015
"1976","11/25/1991",-0.01522843
"1977","11/26/1991",-0.005154639
"1978","11/27/1991",-0.005181347
"1979","11/29/1991",0
"1980","12/2/1991",0.015625
"1981","12/3/1991",0.01025641
"1982","12/4/1991",-0.02538071
"1983","12/5/1991",-0.01041667
"1984","12/6/1991",0.01052632
"1985","12/9/1991",-0.01041667
"1986","12/10/1991",0.01578947
"1987","12/11/1991",0
"1988","12/12/1991",0.03626943
"1989","12/13/1991",0.015
"1990","12/16/1991",-0.02955665
"1991","12/17/1991",0.005076142
"1992","12/18/1991",0.005050505
"1993","12/19/1991",-0.0201005
"1994","12/20/1991",0.03589744
"1995","12/23/1991",0.1039604
"1996","12/24/1991",0.00896861
"1997","12/26/1991",0.008888889
"1998","12/27/1991",-0.02202643
"1999","12/30/1991",0.01801802
"2000","12/31/1991",-0.004424779
